jobs,code,count,mean,std,min,25%,50%,75%,max,rel_std
"['Music Directors', 'Athletes and Sports Competitors', 'Talent Directors', 'Music Composers and Arrangers', 'Producers', 'Program Directors', 'Choreographers', 'Umpires, Referees, and Other Sports Officials', 'Directors- Stage, Motion Pictures, Television, and Radio', 'Actors', 'Technical Directors/Managers', 'Dancers', 'Coaches and Scouts', 'Singers', 'Musicians, Instrumental']",27-20,15.0,69.93333333333334,21.41583748626458,32.0,60.0,70.0,88.0,100.0,0.3062321852182733
"['Medical and Clinical Laboratory Technologists', 'Radiologic Technologists', 'Nuclear Medicine Technologists', 'Hearing Aid Specialists', 'Veterinary Technologists and Technicians', 'Psychiatric Technicians', 'Licensed Practical and Licensed Vocational Nurses', 'Orthotists and Prosthetists', 'Pharmacy Technicians', 'Ophthalmic Medical Technicians', 'Opticians, Dispensing', 'Diagnostic Medical Sonographers', 'Medical Records and Health Information Technicians', 'Surgical Technologists', 'Radiologic Technicians', 'Histotechnologists and Histologic Technicians', 'Emergency Medical Technicians and Paramedics', 'Medical and Clinical Laboratory Technicians', 'Cardiovascular Technologists and Technicians', 'Respiratory Therapy Technicians', 'Dietetic Technicians', 'Neurodiagnostic Technologists', 'Ophthalmic Medical Technologists', 'Dental Hygienists', 'Magnetic Resonance Imaging Technologists', 'Cytotechnologists', 'Surgical Assistants', 'Cytogenetic Technologists']",29-20,28.0,83.39285714285714,14.957567849715272,49.0,75.0,88.5,95.25,100.0,0.17936269798373775
"['Physical Therapists', 'Veterinarians', 'Acupuncturists', 'Advanced Practice Psychiatric Nurses', 'Registered Nurses', 'Critical Care Nurses', 'Art Therapists', 'Recreational Therapists', 'Orthoptists', 'Nurse Midwives', 'Nurse Practitioners', 'Clinical Nurse Specialists', 'Exercise Physiologists', 'Nurse Anesthetists', 'Low Vision Therapists, Orientation and Mobility Specialists, and Vision Rehabilitation Therapists', 'Radiation Therapists', 'Naturopathic Physicians', 'Speech-Language Pathologists', 'Music Therapists', 'Respiratory Therapists', 'Audiologists', 'Occupational Therapists', 'Acute Care Nurses']",29-11,23.0,88.08695652173913,8.349812428368244,67.0,84.5,91.0,94.0,100.0,0.09479056557377573
"['Orthodontists', 'Pediatricians, General', 'Pharmacists', 'Neurologists', 'Anesthesiologist Assistants', 'Ophthalmologists', 'Optometrists', 'Anesthesiologists', 'Hospitalists', 'Chiropractors', 'Physical Medicine and Rehabilitation Physicians', 'Surgeons', 'Psychiatrists', 'Family and General Practitioners', 'Internists, General', 'Podiatrists', 'Obstetricians and Gynecologists', 'Allergists and Immunologists', 'Oral and Maxillofacial Surgeons', 'Pathologists', 'Radiologists', 'Dietitians and Nutritionists', 'Urologists', 'Dermatologists', 'Dentists, General', 'Sports Medicine Physicians', 'Physician Assistants', 'Prosthodontists', 'Nuclear Medicine Physicians', 'Preventive Medicine Physicians']",29-10,30.0,85.46666666666667,15.826066087821445,32.0,80.25,91.0,96.75,100.0,0.1851723801227158
"['Phlebotomists', 'Dental Assistants', 'Pharmacy Aides', 'Endoscopy Technicians', 'Medical Transcriptionists', 'Medical Assistants', 'Veterinary Assistants and Laboratory Animal Caretakers', 'Massage Therapists', 'Speech-Language Pathology Assistants', 'Medical Equipment Preparers']",31-90,10.0,80.2,15.112908389850048,42.0,77.25,82.5,88.0,99.0,0.18844025423753177
"['Makeup Artists, Theatrical and Performance', 'Skincare Specialists', 'Barbers', 'Hairdressers, Hairstylists, and Cosmetologists', 'Shampooers', 'Manicurists and Pedicurists']",39-50,6.0,92.16666666666667,4.445971959725643,86.0,90.25,91.5,94.25,99.0,0.04823839377640842
"['Orderlies', 'Nursing Assistants', 'Home Health Aides', 'Psychiatric Aides']",31-10,4.0,90.25,5.377421934967226,84.0,87.75,90.0,92.5,97.0,0.05958362254811331
"['Airfield Operations Specialists', 'Commercial Pilots', 'Airline Pilots, Copilots, and Flight Engineers', 'Flight Attendants', 'Air Traffic Controllers']",53-20,5.0,81.6,10.644247272588137,66.0,81.0,82.0,83.0,96.0,0.13044420677191346
"['Chefs and Head Cooks', 'First-Line Supervisors of Food Preparation and Serving Workers']",35-10,2.0,88.0,9.899494936611665,81.0,84.5,88.0,91.5,95.0,0.11249426064331437
"['Physical Therapist Aides', 'Occupational Therapy Aides', 'Physical Therapist Assistants', 'Occupational Therapy Assistants']",31-20,4.0,90.5,5.916079783099616,82.0,88.75,92.5,94.25,95.0,0.06537104732706758
"['Genetic Counselors', 'Occupational Health and Safety Specialists', 'Midwives', 'Occupational Health and Safety Technicians', 'Athletic Trainers']",29-90,5.0,70.8,21.68409555411523,47.0,55.0,65.0,93.0,94.0,0.3062725360750739
"['Parking Lot Attendants', 'Bridge and Lock Tenders', 'Traffic Technicians', 'Automotive and Watercraft Service Attendants', 'Transportation Attendants, Except Flight Attendants', 'Freight and Cargo Inspectors', 'Transportation Vehicle, Equipment and Systems Inspectors, Except Aviation', 'Aviation Inspectors']",53-60,8.0,60.75,19.196353820452465,28.0,52.5,59.5,71.5,93.0,0.31598936329962907
"['Special Education Teachers, Preschool', 'Kindergarten Teachers, Except Special Education', 'Special Education Teachers, Secondary School', 'Secondary School Teachers, Except Special and Career/Technical Education', 'Special Education Teachers, Kindergarten and Elementary School', 'Preschool Teachers, Except Special Education', 'Special Education Teachers, Middle School', 'Middle School Teachers, Except Special and Career/Technical Education', 'Elementary School Teachers, Except Special Education', 'Career/Technical Education Teachers, Middle School', 'Career/Technical Education Teachers, Secondary School', 'Adapted Physical Education Specialists']",25-20,12.0,79.25,6.42615394660403,70.0,75.5,78.5,83.75,90.0,0.08108711604547672
"['Light Truck or Delivery Services Drivers', 'Driver/Sales Workers', 'Bus Drivers, Transit and Intercity', 'Bus Drivers, School or Special Client', 'Ambulance Drivers and Attendants, Except Emergency Medical Technicians', 'Taxi Drivers and Chauffeurs', 'Heavy and Tractor-Trailer Truck Drivers']",53-30,7.0,73.85714285714286,15.699560200088106,42.0,72.0,78.0,81.5,90.0,0.21256657911144436
"['Forest Firefighters', 'Municipal Firefighters', 'Fire Investigators', 'Forest Fire Inspectors and Prevention Specialists', 'Fire Inspectors']",33-20,5.0,70.2,13.682105101189656,54.0,60.0,74.0,74.0,89.0,0.1949017820682287
"['Earth Drillers, Except Oil and Gas', 'Rotary Drill Operators, Oil and Gas', 'Continuous Mining Machine Operators', 'Roof Bolters, Mining', 'Helpers--Extraction Workers', 'Mine Cutting and Channeling Machine Operators', 'Service Unit Operators, Oil, Gas, and Mining', 'Rock Splitters, Quarry', 'Explosives Workers, Ordnance Handling Experts, and Blasters', 'Derrick Operators, Oil and Gas', 'Roustabouts, Oil and Gas']",47-50,11.0,68.63636363636364,17.025115137776467,42.0,56.0,77.0,80.0,89.0,0.24804803511992202
"['Avionics Technicians', 'Electrical and Electronics Repairers, Powerhouse, Substation, and Relay', 'Electronic Equipment Installers and Repairers, Motor Vehicles', 'Electrical and Electronics Installers and Repairers, Transportation Equipment', 'Electronic Home Entertainment Equipment Installers and Repairers', 'Telecommunications Equipment Installers and Repairers, Except Line Installers', 'Electric Motor, Power Tool, and Related Repairers', 'Computer, Automated Teller, and Office Machine Repairers', 'Electrical and Electronics Repairers, Commercial and Industrial Equipment', 'Radio Mechanics', 'Radio, Cellular, and Tower Equipment Installers and Repairers', 'Security and Fire Alarm Systems Installers']",49-20,12.0,63.083333333333336,11.47692018660481,40.0,59.5,63.0,64.5,88.0,0.18193268459611323
"['Costume Attendants', 'Ushers, Lobby Attendants, and Ticket Takers', 'Locker Room, Coatroom, and Dressing Room Attendants', 'Gaming and Sports Book Writers and Runners', 'Amusement and Recreation Attendants', 'Motion Picture Projectionists', 'Gaming Dealers']",39-30,7.0,73.71428571428571,18.04359799406506,37.0,70.0,82.0,84.5,88.0,0.2447774921675493
"['Instructional Designers and Technologists', 'Audio-Visual and Multimedia Collections Specialists', 'Teacher Assistants', 'Instructional Coordinators', 'Farm and Home Management Advisors']",25-90,5.0,58.6,17.558473737771173,43.0,48.0,55.0,59.0,88.0,0.29963265764114627
"['Slot Supervisors', 'Spa Managers', 'First-Line Supervisors of Personal Service Workers', 'Gaming Supervisors']",39-10,4.0,83.25,2.9860788111948193,80.0,81.5,83.0,84.75,87.0,0.03586881454888672
"['Pipelayers', 'Plasterers and Stucco Masons', 'Electricians', 'Paperhangers', 'Roofers', 'Insulation Workers, Mechanical', 'Plumbers', 'Pipe Fitters and Steamfitters', 'Glaziers', 'Insulation Workers, Floor, Ceiling, and Wall', 'Painters, Construction and Maintenance', 'Reinforcing Iron and Rebar Workers']",47-21,12.0,66.5,11.220922016888403,44.0,59.75,66.5,73.5,87.0,0.16873566942689328
"['Solar Photovoltaic Installers', 'Sheet Metal Workers', 'Structural Iron and Steel Workers']",47-22,3.0,74.0,11.269427669584644,67.0,67.5,68.0,77.5,87.0,0.1522895631024952
"['Cement Masons and Concrete Finishers', 'Tapers', 'Stonemasons', 'Terrazzo Workers and Finishers', 'Tile and Marble Setters', 'Pile-Driver Operators', 'Drywall and Ceiling Tile Installers', 'Carpet Installers', 'Paving, Surfacing, and Tamping Equipment Operators', 'Brickmasons and Blockmasons', 'Construction Laborers', 'Floor Layers, Except Carpet, Wood, and Hard Tiles', 'Boilermakers', 'Construction Carpenters', 'Rough Carpenters', 'Operating Engineers and Other Construction Equipment Operators', 'Floor Sanders and Finishers']",47-20,17.0,69.05882352941177,10.188661518050925,55.0,61.0,69.0,79.0,86.0,0.14753598450329278
"['Residential Advisors', 'Personal Care Aides', 'Nannies', 'Recreation Workers', 'Fitness Trainers and Aerobics Instructors', 'Childcare Workers']",39-90,6.0,75.5,9.586448768965493,62.0,69.0,77.0,82.75,86.0,0.1269728313770264
"['Animal Control Workers', 'Retail Loss Prevention Specialists', 'Gaming Surveillance Officers and Gaming Investigators', 'Lifeguards, Ski Patrol, and Other Recreational Protective Service Workers', 'Crossing Guards', 'Transportation Security Screeners', 'Private Detectives and Investigators', 'Security Guards']",33-90,8.0,68.0,12.972498382567418,51.0,55.5,70.5,78.0,86.0,0.19077203503775614
"['Food Cooking Machine Operators and Tenders', 'Food Batchmakers', 'Bakers', 'Meat, Poultry, and Fish Cutters and Trimmers', 'Slaughterers and Meat Packers', 'Butchers and Meat Cutters', 'Food and Tobacco Roasting, Baking, and Drying Machine Operators and Tenders']",51-30,7.0,64.85714285714286,17.09218702047392,35.0,55.5,73.0,75.0,85.0,0.2635359232231661
"['Fence Erectors', 'Segmental Pavers', 'Construction and Building Inspectors', 'Hazardous Materials Removal Workers', 'Highway Maintenance Workers', 'Weatherization Installers and Technicians', 'Rail-Track Laying and Maintenance Equipment Operators', 'Septic Tank Servicers and Sewer Pipe Cleaners', 'Solar Thermal Installers and Technicians', 'Elevator Installers and Repairers']",47-40,10.0,69.0,7.586537784494028,60.0,64.0,67.5,72.5,85.0,0.10994982296368157
"['Farmworkers and Laborers, Crop', 'Graders and Sorters, Agricultural Products', 'Nursery Workers', 'Agricultural Equipment Operators', 'Farmworkers, Farm, Ranch, and Aquacultural Animals', 'Agricultural Inspectors', 'Animal Breeders']",45-20,7.0,50.142857142857146,21.919767117289144,24.0,36.0,39.0,66.0,84.0,0.43714635276645014
"['Postal Service Mail Carriers', 'Order Fillers, Wholesale and Retail Sales', 'Meter Readers, Utilities', 'Couriers and Messengers', 'Freight Forwarders', 'Cargo and Freight Agents', 'Stock Clerks, Sales Floor', 'Police, Fire, and Ambulance Dispatchers', 'Shipping, Receiving, and Traffic Clerks', 'Postal Service Clerks', 'Marking Clerks', 'Stock Clerks- Stockroom, Warehouse, or Storage Yard', 'Production, Planning, and Expediting Clerks', 'Dispatchers, Except Police, Fire, and Ambulance', 'Postal Service Mail Sorters, Processors, and Processing Machine Operators']",43-50,15.0,60.06666666666667,12.691204303243513,37.0,54.5,60.0,64.0,84.0,0.21128531026487535
"['Labor Relations Specialists', 'Logistics Analysts', 'Claims Examiners, Property and Casualty Insurance', 'Government Property Inspectors and Investigators', 'Agents and Business Managers of Artists, Performers, and Athletes', 'Cost Estimators', 'Equal Opportunity Representatives and Officers', 'Human Resources Specialists', 'Insurance Appraisers, Auto Damage', 'Buyers and Purchasing Agents, Farm Products', 'Farm Labor Contractors', 'Insurance Adjusters, Examiners, and Investigators', 'Logistics Engineers', 'Environmental Compliance Inspectors', 'Wholesale and Retail Buyers, Except Farm Products', 'Regulatory Affairs Specialists', 'Licensing Examiners and Inspectors', 'Logisticians', 'Coroners', 'Purchasing Agents, Except Wholesale, Retail, and Farm Products']",13-10,20.0,52.35,11.301024639152718,37.0,43.0,51.0,57.25,83.0,0.2158743961633757
"['Structural Metal Fabricators and Fitters', 'Coil Winders, Tapers, and Finishers', 'Electrical and Electronic Equipment Assemblers', 'Fiberglass Laminators and Fabricators', 'Electromechanical Equipment Assemblers', 'Timing Device Assemblers and Adjusters', 'Team Assemblers', 'Engine and Other Machine Assemblers', 'Aircraft Structure, Surfaces, Rigging, and Systems Assemblers']",51-20,9.0,62.111111111111114,10.227957328377505,45.0,59.0,60.0,66.0,83.0,0.16467194267512977
"['Dishwashers', 'Hosts and Hostesses, Restaurant, Lounge, and Coffee Shop', 'Dining Room and Cafeteria Attendants and Bartender Helpers']",35-90,3.0,74.66666666666667,10.214368964029708,63.0,71.0,79.0,80.5,82.0,0.1367995843396836
"['Food Preparation Workers', 'Cooks, Private Household', 'Cooks, Restaurant', 'Cooks, Short Order', 'Cooks, Institution and Cafeteria', 'Cooks, Fast Food']",35-20,6.0,62.0,20.8806130178211,21.0,65.25,67.5,69.75,81.0,0.33678408093259843
"['Fish and Game Wardens', 'Police Patrol Officers', 'Police Identification and Records Officers', 'Parking Enforcement Workers', 'Correctional Officers and Jailers', 'Criminal Investigators and Special Agents', 'Bailiffs', 'Immigration and Customs Inspectors', 'Intelligence Analysts', 'Transit and Railroad Police', 'Police Detectives', 'Sheriffs and Deputy Sheriffs']",33-30,12.0,70.75,13.791466399717814,37.0,70.25,76.0,79.25,81.0,0.19493238727516346
"['Library Assistants, Clerical', 'Interviewers, Except Eligibility and Loan', 'New Accounts Clerks', 'Order Clerks', 'Receptionists and Information Clerks', 'Reservation and Transportation Ticket Agents and Travel Clerks', 'Loan Interviewers and Clerks', 'Human Resources Assistants, Except Payroll and Timekeeping']",43-41,8.0,61.5,12.62650273941963,45.0,52.75,57.5,73.0,81.0,0.2053089876328395
"['Tutors', 'Adult Basic and Secondary Education and Literacy Teachers and Instructors', 'Self-Enrichment Education Teachers']",25-30,3.0,79.0,2.6457513110645907,76.0,78.0,80.0,80.5,81.0,0.03349052292486824
"['Signal and Track Switch Repairers', 'Commercial Divers', 'Musical Instrument Repairers and Tuners', 'Helpers--Installation, Maintenance, and Repair Workers', 'Telecommunications Line Installers and Repairers', 'Geothermal Technicians', 'Riggers', 'Refrigeration Mechanics and Installers', 'Mechanical Door Repairers', 'Manufactured Building and Mobile Home Installers', 'Fabric Menders, Except Garment', 'Watch Repairers', 'Electrical Power-Line Installers and Repairers', 'Millwrights', 'Maintenance Workers, Machinery', 'Control and Valve Installers and Repairers, Except Mechanical Door', 'Camera and Photographic Equipment Repairers', 'Refractory Materials Repairers, Except Brickmasons', 'Heating and Air Conditioning Mechanics and Installers', 'Maintenance and Repair Workers, General', 'Locksmiths and Safe Repairers', 'Coin, Vending, and Amusement Machine Servicers and Repairers', 'Wind Turbine Service Technicians', 'Medical Equipment Repairers', 'Industrial Machinery Mechanics', 'Home Appliance Repairers']",49-90,26.0,65.84615384615384,10.566711154156936,38.0,59.0,67.5,73.0,80.0,0.16047575350939272
"['Baristas', 'Food Servers, Nonrestaurant', 'Combined Food Preparation and Serving Workers, Including Fast Food', 'Waiters and Waitresses', 'Counter Attendants, Cafeteria, Food Concession, and Coffee Shop', 'Bartenders']",35-30,6.0,75.16666666666667,2.7868739954771304,72.0,73.25,74.5,77.25,79.0,0.037075928986391976
"['Morticians, Undertakers, and Funeral Directors', 'Embalmers', 'Funeral Attendants']",39-40,3.0,71.66666666666667,7.505553499465135,64.0,68.0,72.0,75.5,79.0,0.10472865348090886
"['Mates- Ship, Boat, and Barge', 'Ship and Boat Captains', 'Ship Engineers', 'Sailors and Marine Oilers', 'Pilots, Ship', 'Motorboat Operators']",53-50,6.0,72.33333333333333,3.777124126457412,69.0,69.5,71.5,73.5,79.0,0.05221830589572459
"['Educational, Guidance, School, and Vocational Counselors', 'Mental Health Counselors', 'Child, Family, and School Social Workers', 'Substance Abuse and Behavioral Disorder Counselors', 'Rehabilitation Counselors', 'Probation Officers and Correctional Treatment Specialists', 'Marriage and Family Therapists', 'Health Educators', 'Community Health Workers', 'Healthcare Social Workers', 'Social and Human Service Assistants', 'Mental Health and Substance Abuse Social Workers']",21-10,12.0,63.833333333333336,9.17341349506906,50.0,57.75,62.0,70.0,79.0,0.1437088275989931
"['Concierges', 'Baggage Porters and Bellhops']",39-60,2.0,71.5,9.192388155425117,65.0,68.25,71.5,74.75,78.0,0.12856486930664499
"['Gaming Managers', 'Construction Managers', 'Funeral Service Managers', 'Education Administrators, Postsecondary', 'Lodging Managers', 'Food Service Managers', 'Farm and Ranch Managers', 'Education Administrators, Preschool and Childcare Center/Program', 'Distance Learning Coordinators', 'Fitness and Wellness Coordinators', 'Aquacultural Managers', 'Architectural and Engineering Managers', 'Education Administrators, Elementary and Secondary School', 'Biofuels/Biodiesel Technology and Product Development Managers', 'Nursery and Greenhouse Managers']",11-90,15.0,56.46666666666667,12.58040804849615,38.0,48.0,52.0,64.5,78.0,0.222793530965103
"['First-Line Supervisors of Construction Trades and Extraction Workers', 'Solar Energy Installation Managers']",47-10,2.0,74.5,4.949747468305833,71.0,72.75,74.5,76.25,78.0,0.06643956333296419
"['First-Line Supervisors of Correctional Officers', 'Forest Fire Fighting and Prevention Supervisors', 'First-Line Supervisors of Police and Detectives', 'Municipal Fire Fighting and Prevention Supervisors']",33-10,4.0,74.25,2.753785273643051,71.0,72.5,74.5,76.25,77.0,0.03708801715344177
"['Bookkeeping, Accounting, and Auditing Clerks', 'Statement Clerks', 'Gaming Cage Workers', 'Tellers', 'Bill and Account Collectors', 'Billing, Cost, and Rate Clerks', 'Procurement Clerks', 'Payroll and Timekeeping Clerks']",43-30,8.0,56.0,16.24807680927192,37.0,44.75,48.5,73.0,77.0,0.2901442287369986
"['Helpers--Carpenters', 'Helpers--Pipelayers, Plumbers, Pipefitters, and Steamfitters', 'Helpers--Painters, Paperhangers, Plasterers, and Stucco Masons', 'Helpers--Brickmasons, Blockmasons, Stonemasons, and Tile and Marble Setters', 'Helpers--Electricians', 'Helpers--Roofers']",47-30,6.0,66.66666666666667,5.680375574437545,61.0,63.0,66.5,67.0,77.0,0.08520563361656318
"['Water and Wastewater Treatment Plant and System Operators', 'Power Plant Operators', 'Power Distributors and Dispatchers', 'Chemical Plant and System Operators', 'Biofuels Processing Technicians', 'Nuclear Power Reactor Operators', 'Hydroelectric Plant Technicians', 'Stationary Engineers and Boiler Operators', 'Gas Plant Operators', 'Petroleum Pump System Operators, Refinery Operators, and Gaugers', 'Biomass Plant Technicians']",51-80,11.0,60.90909090909091,9.637993001185936,49.0,52.5,60.0,67.5,77.0,0.15823570598961986
"['Demonstrators and Product Promoters', 'Door-To-Door Sales Workers, News and Street Vendors, and Related Workers', 'Real Estate Brokers', 'Telemarketers', 'Sales Engineers', 'Real Estate Sales Agents', 'Models']",41-90,7.0,62.285714285714285,13.536546651125434,36.0,59.0,67.0,69.0,77.0,0.21732987742632578
"['Forestry and Conservation Science Teachers, Postsecondary', 'Engineering Teachers, Postsecondary', 'Sociology Teachers, Postsecondary', 'Economics Teachers, Postsecondary', 'Mathematical Science Teachers, Postsecondary', 'Library Science Teachers, Postsecondary', 'Area, Ethnic, and Cultural Studies Teachers, Postsecondary', 'Political Science Teachers, Postsecondary', 'Geography Teachers, Postsecondary', 'Biological Science Teachers, Postsecondary', 'Education Teachers, Postsecondary', 'Agricultural Sciences Teachers, Postsecondary', 'Psychology Teachers, Postsecondary', 'Chemistry Teachers, Postsecondary', 'Physics Teachers, Postsecondary', 'Nursing Instructors and Teachers, Postsecondary', 'Atmospheric, Earth, Marine, and Space Sciences Teachers, Postsecondary', 'Health Specialties Teachers, Postsecondary', 'Computer Science Teachers, Postsecondary', 'Anthropology and Archeology Teachers, Postsecondary', 'Business Teachers, Postsecondary', 'Environmental Science Teachers, Postsecondary', 'Architecture Teachers, Postsecondary']",25-10,23.0,47.47826086956522,10.062845997292088,32.0,42.0,46.0,51.0,76.0,0.21194639005285534
"['Pesticide Handlers, Sprayers, and Applicators, Vegetation', 'Tree Trimmers and Pruners', 'Landscaping and Groundskeeping Workers']",37-30,3.0,54.666666666666664,23.797758998135375,29.0,44.0,59.0,67.5,76.0,0.4353248597219886
"['Customer Service Representatives', 'File Clerks', 'Credit Authorizers', 'Brokerage Clerks', 'Municipal Clerks', 'Patient Representatives', 'License Clerks', 'Correspondence Clerks', 'Credit Checkers', 'Hotel, Motel, and Resort Desk Clerks', 'Court Clerks', 'Eligibility Interviewers, Government Programs']",43-40,12.0,59.333333333333336,10.764701012048029,43.0,53.0,60.0,68.25,76.0,0.1814275451468769
"['Law Teachers, Postsecondary', 'Art, Drama, and Music Teachers, Postsecondary', 'English Language and Literature Teachers, Postsecondary', 'Foreign Language and Literature Teachers, Postsecondary', 'Home Economics Teachers, Postsecondary', 'Philosophy and Religion Teachers, Postsecondary', 'Communications Teachers, Postsecondary', 'Social Work Teachers, Postsecondary', 'Graduate Teaching Assistants', 'History Teachers, Postsecondary', 'Recreation and Fitness Studies Teachers, Postsecondary', 'Criminal Justice and Law Enforcement Teachers, Postsecondary', 'Vocational Education Teachers, Postsecondary']",25-11,13.0,52.61538461538461,12.835747358701411,34.0,46.0,51.0,59.0,76.0,0.2439542626653777
"['Cashiers', 'Retail Salespersons', 'Counter and Rental Clerks', 'Parts Salespersons', 'Gaming Change Persons and Booth Cashiers']",41-20,5.0,69.8,3.1144823004794873,67.0,68.0,69.0,70.0,75.0,0.044620090264749106
"['Semiconductor Processors', 'Paper Goods Machine Setters, Operators, and Tenders', 'Molding and Casting Workers', 'Glass Blowers, Molders, Benders, and Finishers', 'Cleaning, Washing, and Metal Pickling Equipment Operators and Tenders', 'Coating, Painting, and Spraying Machine Setters, Operators, and Tenders', 'Recycling and Reclamation Workers', 'Potters, Manufacturing', 'Stone Cutters and Carvers, Manufacturing', 'Etchers and Engravers', 'Cooling and Freezing Equipment Operators and Tenders', 'Tire Builders', 'Adhesive Bonding Machine Operators and Tenders', 'Photographic Process Workers and Processing Machine Operators', 'Painting, Coating, and Decorating Workers', 'Helpers--Production Workers', 'Packaging and Filling Machine Operators and Tenders', 'Painters, Transportation Equipment']",51-91,18.0,55.94444444444444,9.625164458318269,32.0,50.25,58.0,60.75,74.0,0.17204861991035633
"['Art Directors', 'Merchandise Displayers and Window Trimmers', 'Interior Designers', 'Multimedia Artists and Animators', 'Fine Artists, Including Painters, Sculptors, and Illustrators', 'Set and Exhibit Designers', 'Graphic Designers', 'Commercial and Industrial Designers', 'Craft Artists', 'Fashion Designers', 'Floral Designers']",27-10,11.0,48.36363636363637,17.591320173726174,9.0,41.0,53.0,56.0,73.0,0.36373030434396225
"['Office Machine Operators, Except Computer', 'Insurance Claims Clerks', 'Mail Clerks and Mail Machine Operators, Except Postal Service', 'Desktop Publishers', 'Computer Operators', 'Word Processors and Typists', 'Data Entry Keyers', 'Office Clerks, General', 'Insurance Policy Processing Clerks', 'Proofreaders and Copy Markers']",43-90,10.0,53.5,9.513148795220223,42.0,46.25,52.5,56.75,73.0,0.17781586533121913
"['Biologists', 'Medical Scientists, Except Epidemiologists', 'Microbiologists', 'Geneticists', 'Epidemiologists', 'Zoologists and Wildlife Biologists', 'Food Scientists and Technologists', 'Park Naturalists', 'Bioinformatics Scientists', 'Soil and Water Conservationists', 'Biochemists and Biophysicists', 'Range Managers', 'Foresters', 'Soil and Plant Scientists', 'Molecular and Cellular Biologists', 'Animal Scientists']",19-10,16.0,47.125,9.810708435174291,34.0,41.0,44.0,52.25,73.0,0.2081847943803563
"['First-Line Supervisors of Housekeeping and Janitorial Workers', 'First-Line Supervisors of Landscaping, Lawn Service, and Groundskeeping Workers']",37-10,2.0,61.5,14.849242404917497,51.0,56.25,61.5,66.75,72.0,0.24145109601491865
"['Market Research Analysts and Marketing Specialists', 'Sustainability Specialists', 'Meeting, Convention, and Event Planners', 'Energy Auditors', 'Training and Development Specialists', 'Security Management Specialists', 'Fundraisers', 'Management Analysts', 'Compensation, Benefits, and Job Analysis Specialists', 'Online Merchants', 'Business Continuity Planners', 'Customs Brokers']",13-11,12.0,49.0,11.216870411045223,32.0,40.5,49.0,55.25,72.0,0.2289157226743923
"['Biological Technicians', 'Nuclear Monitoring Technicians', 'Social Science Research Assistants', 'Forensic Science Technicians', 'Geological Sample Test Technicians', 'Forest and Conservation Technicians', 'Quality Control Analysts', 'Food Science Technicians', 'Remote Sensing Technicians', 'City and Regional Planning Aides', 'Environmental Science and Protection Technicians, Including Health', 'Geophysical Data Technicians', 'Agricultural Technicians', 'Nuclear Equipment Operation Technicians', 'Chemical Technicians', 'Precision Agriculture Technicians']",19-40,16.0,55.625,9.749358953285082,44.0,47.75,53.5,63.5,72.0,0.17526937444108012
"['Travel Guides', 'Tour Guides and Escorts']",39-70,2.0,62.5,13.435028842544403,53.0,57.75,62.5,67.25,72.0,0.21496046148071046
"['Cutting and Slicing Machine Setters, Operators, and Tenders', 'Grinding and Polishing Workers, Hand', 'Inspectors, Testers, Sorters, Samplers, and Weighers', 'Furnace, Kiln, Oven, Drier, and Kettle Operators and Tenders', 'Crushing, Grinding, and Polishing Machine Setters, Operators, and Tenders', 'Extruding, Forming, Pressing, and Compacting Machine Setters, Operators, and Tenders', 'Dental Laboratory Technicians', 'Separating, Filtering, Clarifying, Precipitating, and Still Machine Setters, Operators, and Tenders', 'Mixing and Blending Machine Setters, Operators, and Tenders', 'Jewelers', 'Chemical Equipment Operators and Tenders', 'Ophthalmic Laboratory Technicians', 'Medical Appliance Technicians', 'Precious Metal Workers', 'Cutters and Trimmers, Hand', 'Gem and Diamond Workers']",51-90,16.0,54.25,11.468798251487963,34.0,46.5,58.5,61.5,71.0,0.2114064193822666
"['Legal Secretaries', 'Medical Secretaries', 'Secretaries and Administrative Assistants, Except Legal, Medical, and Executive', 'Executive Secretaries and Executive Administrative Assistants']",43-60,4.0,48.5,15.088627063675034,39.0,40.5,42.0,50.0,71.0,0.3111057126530935
"['Drilling and Boring Machine Tool Setters, Operators, and Tenders, Metal and Plastic', 'Model Makers, Metal and Plastic', 'Extruding and Drawing Machine Setters, Operators, and Tenders, Metal and Plastic', 'Pourers and Casters, Metal', 'Machinists', 'Computer Numerically Controlled Machine Tool Programmers, Metal and Plastic', 'Multiple Machine Tool Setters, Operators, and Tenders, Metal and Plastic', 'Milling and Planing Machine Setters, Operators, and Tenders, Metal and Plastic', 'Cutting, Punching, and Press Machine Setters, Operators, and Tenders, Metal and Plastic', 'Metal-Refining Furnace Operators and Tenders', 'Patternmakers, Metal and Plastic', 'Molding, Coremaking, and Casting Machine Setters, Operators, and Tenders, Metal and Plastic', 'Grinding, Lapping, Polishing, and Buffing Machine Tool Setters, Operators, and Tenders, Metal and Plastic', 'Computer-Controlled Machine Tool Operators, Metal and Plastic', 'Lathe and Turning Machine Tool Setters, Operators, and Tenders, Metal and Plastic', 'Forging Machine Setters, Operators, and Tenders, Metal and Plastic', 'Foundry Mold and Coremakers', 'Rolling Machine Setters, Operators, and Tenders, Metal and Plastic']",51-40,18.0,56.611111111111114,8.045012257431447,43.0,51.0,56.0,62.75,71.0,0.14211012819800395
"['Economists', 'Urban and Regional Planners', 'Geographers', 'Anthropologists', 'Political Scientists', 'Clinical Psychologists', 'Environmental Economists', 'Archeologists', 'Neuropsychologists and Clinical Neuropsychologists', 'Industrial-Organizational Psychologists', 'School Psychologists', 'Counseling Psychologists', 'Sociologists', 'Survey Researchers', 'Historians', 'Transportation Planners']",19-30,16.0,47.875,12.29566319209067,29.0,40.0,47.0,56.0,71.0,0.2568284739862281
"['Copy Writers', 'Technical Writers', 'Public Relations Specialists', 'Radio and Television Announcers', 'Broadcast News Analysts', 'Public Address System and Other Announcers', 'Poets, Lyricists and Creative Writers', 'Reporters and Correspondents', 'Editors', 'Interpreters and Translators']",27-30,10.0,51.6,16.09140557357664,14.0,46.75,54.0,62.5,71.0,0.31184894522435347
"['Hunters and Trappers', 'Fishers and Related Fishing Workers']",45-30,2.0,43.5,37.476659402887016,17.0,30.25,43.5,56.75,70.0,0.8615324000663682
"['Industrial Truck and Tractor Operators', 'Crane and Tower Operators', 'Wellhead Pumpers', 'Loading Machine Operators, Underground Mining', 'Dredge Operators', 'Machine Feeders and Offbearers', 'Conveyor Operators and Tenders', 'Packers and Packagers, Hand', 'Refuse and Recyclable Material Collectors', 'Laborers and Freight, Stock, and Material Movers, Hand', 'Cleaners of Vehicles and Equipment', 'Hoist and Winch Operators', 'Pump Operators, Except Wellhead Pumpers', 'Excavating and Loading Machine and Dragline Operators', 'Gas Compressor and Gas Pumping Station Operators']",53-70,15.0,47.53333333333333,15.873907911442362,19.0,35.5,48.0,58.5,70.0,0.3339531818676514
"['First-Line Supervisors of Mechanics, Installers, and Repairers']",49-10,1.0,69.0,0.0,69.0,69.0,69.0,69.0,69.0,0.0
"['Camera Operators, Television, Video, and Motion Picture', 'Sound Engineering Technicians', 'Audio and Video Equipment Technicians', 'Film and Video Editors', 'Radio Operators', 'Photographers', 'Broadcast Technicians']",27-40,7.0,61.0,8.246211251235321,49.0,55.5,62.0,68.0,69.0,0.13518379100385772
"['First-Line Supervisors of Helpers, Laborers, and Material Movers, Hand', 'Aircraft Cargo Handling Supervisors', 'Recycling Coordinators', 'First-Line Supervisors of Transportation and Material-Moving Machine and Vehicle Operators']",53-10,4.0,62.75,7.274384280931732,52.0,61.75,65.5,66.5,68.0,0.11592644272401166
"['Switchboard Operators, Including Answering Service', 'Telephone Operators']",43-20,2.0,65.5,3.5355339059327378,63.0,64.25,65.5,66.75,68.0,0.05397761688446928
"['Log Graders and Scalers', 'Logging Equipment Operators', 'Fallers', 'Forest and Conservation Workers']",45-40,4.0,34.0,28.36664708185771,7.0,12.25,31.0,52.75,67.0,0.8343131494664032
"['Securities and Commodities Traders', 'Energy Brokers', 'Sales Agents, Securities and Commodities', 'Sales Agents, Financial Services', 'Insurance Sales Agents', 'Advertising Sales Agents', 'Travel Agents']",41-30,7.0,54.285714285714285,8.097618697581936,43.0,49.5,55.0,58.0,67.0,0.1491666602186146
"['Railroad Conductors and Yardmasters', 'Rail Yard Engineers, Dinkey Operators, and Hostlers', 'Locomotive Firers', 'Locomotive Engineers', 'Railroad Brake, Signal, and Switch Operators', 'Subway and Streetcar Operators']",53-40,6.0,52.833333333333336,10.166939887039101,41.0,46.25,50.5,60.0,67.0,0.19243419344553503
"['Electronics Engineering Technologists', 'Electrical Drafters', 'Civil Drafters', 'Electromechanical Engineering Technologists', 'Robotics Technicians', 'Aerospace Engineering and Operations Technicians', 'Automotive Engineering Technicians', 'Industrial Engineering Technicians', 'Electronics Engineering Technicians', 'Mechanical Drafters', 'Electro-Mechanical Technicians', 'Manufacturing Engineering Technologists', 'Civil Engineering Technicians', 'Electrical Engineering Technologists', 'Surveying Technicians', 'Electrical Engineering Technicians', 'Manufacturing Production Technicians', 'Industrial Engineering Technologists', 'Mapping Technicians', 'Environmental Engineering Technicians', 'Electronic Drafters', 'Nanotechnology Engineering Technologists', 'Nanotechnology Engineering Technicians', 'Mechanical Engineering Technologists', 'Photonics Technicians', 'Architectural Drafters', 'Non-Destructive Testing Specialists', 'Mechanical Engineering Technicians']",17-30,28.0,53.964285714285715,5.737996442540129,47.0,49.0,52.0,57.75,66.0,0.10632951713509173
"['First-Line Supervisors of Logging Workers', 'First-Line Supervisors of Aquacultural Workers', 'First-Line Supervisors of Agricultural Crop and Horticultural Workers', 'First-Line Supervisors of Animal Husbandry and Animal Care Workers']",45-10,4.0,45.5,14.479871085982314,32.0,38.75,42.0,48.75,66.0,0.31823892496664424
"['First-Line Supervisors of Retail Sales Workers', 'First-Line Supervisors of Non-Retail Sales Workers']",41-10,2.0,54.5,16.263455967290593,43.0,48.75,54.5,60.25,66.0,0.2984120360970751
"['Animal Trainers', 'Nonfarm Animal Caretakers']",39-20,2.0,64.0,2.8284271247461903,62.0,63.0,64.0,65.0,66.0,0.04419417382415922
"['Aircraft Mechanics and Service Technicians', 'Rail Car Repairers', 'Automotive Specialty Technicians', 'Automotive Master Mechanics', 'Automotive Glass Installers and Repairers', 'Farm Equipment Mechanics and Service Technicians', 'Tire Repairers and Changers', 'Mobile Heavy Equipment Mechanics, Except Engines', 'Automotive Body and Related Repairers', 'Motorboat Mechanics and Service Technicians', 'Bus and Truck Mechanics and Diesel Engine Specialists', 'Bicycle Repairers', 'Outdoor Power Equipment and Other Small Engine Mechanics', 'Recreational Vehicle Service Technicians', 'Motorcycle Mechanics']",49-30,15.0,55.266666666666666,7.294485849566356,43.0,51.5,53.0,63.0,65.0,0.1319870780983056
['First-Line Supervisors of Production and Operating Workers'],51-10,1.0,65.0,0.0,65.0,65.0,65.0,65.0,65.0,0.0
"['Judges, Magistrate Judges, and Magistrates', 'Judicial Law Clerks', 'Arbitrators, Mediators, and Conciliators', 'Administrative Law Judges, Adjudicators, and Hearing Officers', 'Lawyers']",23-10,5.0,48.2,14.078352176302452,33.0,34.0,52.0,58.0,64.0,0.292081995358972
"['Software Quality Assurance Engineers and Testers', 'Document Management Specialists', 'Computer Network Support Specialists', 'Geographic Information Systems Technicians', 'Software Developers, Applications', 'Database Administrators', 'Information Security Analysts', 'Computer Systems Analysts', 'Telecommunications Engineering Specialists', 'Database Architects', 'Network and Computer Systems Administrators', 'Information Technology Project Managers', 'Video Game Designers', 'Data Warehousing Specialists', 'Computer Systems Engineers/Architects', 'Software Developers, Systems Software', 'Geospatial Information Scientists and Technologists', 'Web Developers', 'Web Administrators', 'Informatics Nurse Specialists', 'Business Intelligence Analysts', 'Computer Network Architects', 'Search Marketing Strategists', 'Computer User Support Specialists', 'Computer and Information Research Scientists', 'Computer Programmers']",15-11,26.0,47.53846153846154,6.771887590506914,33.0,44.0,46.5,51.75,64.0,0.14245070983266972
"['Shoe Machine Operators and Tenders', 'Sewing Machine Operators', 'Textile Bleaching and Dyeing Machine Operators and Tenders', 'Laundry and Dry-Cleaning Workers', 'Tailors, Dressmakers, and Custom Sewers', 'Upholsterers', 'Pressers, Textile, Garment, and Related Materials', 'Shoe and Leather Workers and Repairers', 'Textile Cutting Machine Setters, Operators, and Tenders', 'Textile Winding, Twisting, and Drawing Out Machine Setters, Operators, and Tenders', 'Extruding and Forming Machine Setters, Operators, and Tenders, Synthetic and Glass Fibers', 'Sewers, Hand', 'Textile Knitting and Weaving Machine Setters, Operators, and Tenders', 'Fabric and Apparel Patternmakers']",51-60,14.0,52.857142857142854,9.5342067788096,35.0,46.75,54.5,61.75,64.0,0.18037688500450594
"['Curators', 'Archivists', 'Library Technicians', 'Museum Technicians and Conservators', 'Librarians']",25-40,5.0,51.4,7.6681158050723255,44.0,44.0,52.0,55.0,62.0,0.14918513239440323
"['Tank Car, Truck, and Ship Loaders', 'Mine Shuttle Car Operators']",53-71,2.0,55.5,9.192388155425117,49.0,52.25,55.5,58.75,62.0,0.16562861541306517
"['Paralegals and Legal Assistants', 'Title Examiners, Abstractors, and Searchers', 'Court Reporters']",23-20,3.0,50.0,11.0,39.0,44.5,50.0,55.5,61.0,0.22
"['Tool and Die Makers', 'Welding, Soldering, and Brazing Machine Setters, Operators, and Tenders', 'Layout Workers, Metal and Plastic', 'Heat Treating Equipment Setters, Operators, and Tenders, Metal and Plastic', 'Plating and Coating Machine Setters, Operators, and Tenders, Metal and Plastic', 'Welders, Cutters, and Welder Fitters', 'Solderers and Brazers', 'Tool Grinders, Filers, and Sharpeners']",51-41,8.0,52.625,6.94750726108704,42.0,46.75,54.5,57.5,61.0,0.1320191403531979
"['Marine Engineers', 'Nanosystems Engineers', 'Energy Engineers', 'Robotics Engineers', 'Manufacturing Engineers', 'Biochemical Engineers', 'Mining and Geological Engineers, Including Mining Safety Engineers', 'Industrial Engineers', 'Nuclear Engineers', 'Validation Engineers', 'Mechanical Engineers', 'Solar Energy Systems Engineers', 'Fire-Prevention and Protection Engineers', 'Human Factors Engineers and Ergonomists', 'Fuel Cell Engineers', 'Mechatronics Engineers', 'Microsystems Engineers', 'Marine Architects', 'Petroleum Engineers', 'Materials Engineers', 'Product Safety Engineers', 'Automotive Engineers', 'Industrial Safety and Health Engineers', 'Wind Energy Engineers', 'Photonics Engineers']",17-21,25.0,49.36,7.273696905059123,30.0,45.0,49.0,55.0,61.0,0.1473601479955252
"['Bioinformatics Technicians', 'Statistical Assistants']",43-91,2.0,52.0,9.899494936611665,45.0,48.5,52.0,55.5,59.0,0.1903749026271474
"['Financial Quantitative Analysts', 'Financial Examiners', 'Financial Analysts', 'Auditors', 'Insurance Underwriters', 'Fraud Examiners, Investigators and Analysts', 'Loan Counselors', 'Budget Analysts', 'Credit Analysts', 'Tax Preparers', 'Accountants', 'Loan Officers', 'Personal Financial Advisors', 'Credit Counselors', 'Appraisers, Real Estate', 'Assessors', 'Risk Management Specialists', 'Tax Examiners and Collectors, and Revenue Agents']",13-20,18.0,47.333333333333336,7.332442013569077,34.0,42.25,47.5,52.75,58.0,0.15491074676554387
"['Regulatory Affairs Managers', 'Medical and Health Services Managers', 'Wind Energy Operations Managers', 'Wind Energy Project Managers', 'Water Resource Specialists', 'Investment Fund Managers', 'Loss Prevention Managers', 'Social and Community Service Managers', 'Clinical Research Coordinators', 'Brownfield Redevelopment Specialists and Site Managers', 'Postmasters and Mail Superintendents', 'Emergency Management Directors', 'Property, Real Estate, and Community Association Managers', 'Security Managers', 'Supply Chain Managers', 'Natural Sciences Managers', 'Compliance Managers']",11-91,17.0,48.1764705882353,5.833473387674438,40.0,43.0,46.0,53.0,58.0,0.1210855281934865
"['Weighers, Measurers, Checkers, and Samplers, Recordkeeping']",43-51,1.0,58.0,0.0,58.0,58.0,58.0,58.0,58.0,0.0
"['Chemists', 'Astronomers', 'Environmental Scientists and Specialists, Including Health', 'Remote Sensing Scientists and Technologists', 'Environmental Restoration Planners', 'Atmospheric and Space Scientists', 'Hydrologists', 'Climate Change Analysts', 'Industrial Ecologists', 'Geoscientists, Except Hydrologists and Geographers', 'Materials Scientists', 'Physicists']",19-20,12.0,42.916666666666664,6.841827684223425,31.0,39.75,40.0,46.25,57.0,0.15942122759355554
"['Woodworking Machine Setters, Operators, and Tenders, Except Sawing', 'Cabinetmakers and Bench Carpenters', 'Patternmakers, Wood', 'Model Makers, Wood', 'Sawing Machine Setters, Operators, and Tenders, Wood', 'Furniture Finishers']",51-70,6.0,54.0,2.5298221281347035,51.0,51.75,54.5,55.75,57.0,0.04684855792842044
"['Print Binding and Finishing Workers', 'Printing Press Operators', 'Prepress Technicians and Workers']",51-51,3.0,51.0,7.810249675906654,42.0,48.5,55.0,55.5,56.0,0.1531421505079736
"['Clergy', 'Directors, Religious Activities and Education']",21-20,2.0,51.5,4.949747468305833,48.0,49.75,51.5,53.25,55.0,0.09611160132632685
"['General and Operations Managers', 'Chief Executives', 'Chief Sustainability Officers']",11-10,3.0,48.666666666666664,6.027713773341708,43.0,45.5,48.0,51.5,55.0,0.12385713232893922
"['Geothermal Production Managers', 'Transportation Managers', 'Logistics Managers', 'Computer and Information Systems Managers', 'Treasurers and Controllers', 'Storage and Distribution Managers', 'Industrial Production Managers', 'Purchasing Managers', 'Biofuels Production Managers', 'Biomass Power Plant Managers', 'Administrative Services Managers', 'Financial Managers, Branch or Department', 'Hydroelectric Production Managers', 'Quality Control Systems Managers']",11-30,14.0,46.07142857142857,6.170204905141204,35.0,41.25,46.5,51.5,55.0,0.13392692817360752
"['Cartographers and Photogrammetrists', 'Landscape Architects', 'Surveyors', 'Architects, Except Landscape and Naval', 'Geodetic Surveyors']",17-10,5.0,48.4,5.594640292279746,40.0,47.0,48.0,53.0,54.0,0.11559174157602782
"['Sales Representatives, Wholesale and Manufacturing, Except Technical and Scientific Products', 'Sales Representatives, Wholesale and Manufacturing, Technical and Scientific Products', 'Solar Sales Representatives and Assessors']",41-40,3.0,48.333333333333336,3.2145502536643185,46.0,46.5,47.0,49.5,52.0,0.06650793628271004
"['Civil Engineers', 'Transportation Engineers', 'Aerospace Engineers', 'Radio Frequency Identification Device Specialists', 'Water/Wastewater Engineers', 'Electrical Engineers', 'Environmental Engineers', 'Electronics Engineers, Except Computer', 'Agricultural Engineers', 'Chemical Engineers', 'Biomedical Engineers', 'Computer Hardware Engineers']",17-20,12.0,46.416666666666664,3.028901190901153,40.0,45.0,46.0,48.25,51.0,0.06525460375370527
"['Statisticians', 'Actuaries', 'Mathematicians', 'Biostatisticians', 'Operations Research Analysts', 'Clinical Data Managers']",15-20,6.0,38.833333333333336,5.419102016632153,33.0,35.25,38.0,40.75,48.0,0.13954769141542026
"['Maids and Housekeeping Cleaners', 'Pest Control Workers', 'Janitors and Cleaners, Except Maids and Housekeeping Cleaners']",37-20,3.0,45.666666666666664,3.214550253664318,42.0,44.5,47.0,47.5,48.0,0.07039161139410915
"['Marketing Managers', 'Public Relations and Fundraising Managers', 'Sales Managers', 'Advertising and Promotions Managers']",11-20,4.0,44.75,4.573474244670748,38.0,44.0,46.5,47.25,48.0,0.1022005417803519
['First-Line Supervisors of Office and Administrative Support Workers'],43-10,1.0,47.0,0.0,47.0,47.0,47.0,47.0,47.0,0.0
"['Human Resources Managers', 'Compensation and Benefits Managers', 'Training and Development Managers']",11-31,3.0,39.666666666666664,7.094598884597588,32.0,36.5,41.0,43.5,46.0,0.1788554340654854
